"Image_Name","Jaw_Area","RightEyebrow_Area","LeftEyebrow_Area","Nose_Area","RightEye_Area","LeftEye_Area","Mouth_Area","Face_Area","Periocular_Area","LeftScreen_Area","RightScreen_Area","WholeScreen_Area"
"frame1145.jpg",94123.0,3493.4394433591515,3695.7589819338173,11223.599304199219,7107.750625610352,7024.500350952148,6553.558481445536,245232.0,39544.13597790524,1036800.0,1036800.0,2073600.0
"frame1531.jpg",73528.0,3450.9579565431923,3687.119501952082,9851.999267578125,4295.250091552734,4484.249267578125,10085.397872922942,186000.0,32616.22459101677,1036800.0,1036800.0,2073600.0
"frame545.jpg",163755.5,6261.122175293043,6825.6028930665925,21492.002471923828,8212.498931884766,8759.252090454102,14603.160953368992,419926.0,67477.47506713867,1036800.0,1036800.0,2073600.0
"frame56.jpg",137940.5,6262.561600342393,6812.636751708575,18404.39599609375,8635.50033569336,8786.250534057617,18549.17974731326,341700.0,62636.93840107322,1036800.0,1036800.0,2073600.0
